match_confidence,odds_api_event_id,odds_api_sport_key,pm_acceptingOrders,pm_awayTeamName,pm_bestAsk,pm_bestBid,pm_clobTokenIds,pm_competitive,pm_conditionId,pm_elapsed,pm_ended,pm_eventDate,pm_event_active,pm_event_endDate,pm_event_id,pm_event_liquidity,pm_event_volume,pm_event_volume1mo,pm_event_volume1wk,pm_event_volume1yr,pm_gameId,pm_groupItemThreshold,pm_groupItemTitle,pm_homeTeamName,pm_lastTradePrice,pm_liquidityClob,pm_live,pm_market_active,pm_market_closed,pm_market_endDate,pm_market_endDateIso,pm_market_id,pm_market_liquidityNum,pm_market_outcomePrices,pm_market_outcomes,pm_market_volume1mo,pm_market_volume1wk,pm_market_volume1yr,pm_market_volumeClob,pm_market_volumeNum,pm_oneDayPriceChange,pm_oneHourPriceChange,pm_oneWeekPriceChange,pm_period,pm_question,pm_score,pm_series_id,pm_series_ticker,pm_spread,pm_startTime,sportsbook_count,sportsbook_outcomes
1.0,099fbdb7f4738db6e1f5b7889ab3d707,basketball_nba,True,,0.5,0.49,"[""14433630064846279767985835789711244696150988949614799880619450463696167114135"", ""113624988028061897387137718205679074492500636773093210602662423479752850593471""]",1,0x92d983b8c82943ee030345ae0d75ef1a7b9caca4dc3cc428d2b0d28b4660fdeb,,False,2025-12-09,True,2025-12-09T23:00:00Z,96455,407759.0807,369634.84225,230962.6050039999,230962.6050039999,230962.6050039999,20023666,0,,,0.51,295109.7299,False,True,False,2025-12-09T23:00:00Z,2025-12-09,808998,295109.7299,"[""0.495"", ""0.505""]","[""Heat"", ""Magic""]",226153.0074949999,226153.0074949999,226153.0074949999,344184.115712,344184.115712,0.03,,,NS,Heat vs. Magic,,10345,nba-2026,0.01,2025-12-09T23:00:00Z,12,"[{""name"": ""Miami Heat"", ""avg_price_decimal"": 1.9086463056615706, ""avg_implied_probability"": 0.5241443710684349, ""min_price_decimal"": 1.8620689655172413, ""max_price_decimal"": 1.9615384615384617, ""bookmaker_count"": 12}, {""name"": ""Orlando Magic"", ""avg_price_decimal"": 1.9492686197297846, ""avg_implied_probability"": 0.5131948087829503, ""min_price_decimal"": 1.8928571428571428, ""max_price_decimal"": 2.01, ""bookmaker_count"": 12}]"
1.0,582a77bcdc5401a29e263ffed5d26609,basketball_nba,True,,0.63,0.62,"[""13074602576810380801040282699634023434828916276522050620955510477039962092517"", ""52465471750776066764708550115570895586889121726895579349488964775006129922057""]",0.9999750006249843,0x755ef82493ffb871b36605f1e54dfeb0cff443cc820acb07547fc9d69ee3de29,,False,2025-12-09,True,2025-12-10T01:30:00Z,96463,307455.5677,75136.233252,42413.739413,42413.739413,42413.739413,20023667,0,,,0.63,128361.5113,False,True,False,2025-12-10T01:30:00Z,2025-12-10,809007,128361.5113,"[""0.625"", ""0.375""]","[""Knicks"", ""Raptors""]",39340.607424,39340.607424,39340.607424,60053.886205,60053.886205,0.01,,,NS,Knicks vs. Raptors,,10345,nba-2026,0.01,2025-12-10T01:30:00Z,12,"[{""name"": ""New York Knicks"", ""avg_price_decimal"": 1.5463604725455238, ""avg_implied_probability"": 0.6468122733876075, ""min_price_decimal"": 1.5, ""max_price_decimal"": 1.5882352941176472, ""bookmaker_count"": 12}, {""name"": ""Toronto Raptors"", ""avg_price_decimal"": 2.5766666666666667, ""avg_implied_probability"": 0.38820220511049625, ""min_price_decimal"": 2.51, ""max_price_decimal"": 2.65, ""bookmaker_count"": 12}]"
1.0,9373b84d11358f66f18562222dbf5f42,basketball_nba,True,,0.09,0.08,"[""35594657150931700914302562069822803425182420231217518643529605760695795556209"", ""91808076003480971587770498332396660308637041977142339210795036096368587232161""]",0.9997750506136119,0xbc56539743f7b96c1c95f21649bd27882ce88ee52c5b608a5b56b2ee871c3188,,False,2025-12-10,True,2025-12-11T00:30:00Z,97137,59124.293,30025.019852,23509.569564,23509.569564,23509.569564,20023668,0,,,0.09,39763.821,False,True,False,2025-12-11T00:30:00Z,2025-12-11,820392,39763.821,"[""0.085"", ""0.915""]","[""Suns"", ""Thunder""]",22589.510159,22589.510159,22589.510159,28995.130263,28995.130263,-0.02,,,NS,Suns vs. Thunder,,10345,nba-2026,0.01,2025-12-11T00:30:00Z,6,"[{""name"": ""Oklahoma City Thunder"", ""avg_price_decimal"": 1.063435668945414, ""avg_implied_probability"": 0.9407607140923236, ""min_price_decimal"": 1.0166666666666666, ""max_price_decimal"": 1.0869565217391304, ""bookmaker_count"": 6}, {""name"": ""Phoenix Suns"", ""avg_price_decimal"": 9.508333333333335, ""avg_implied_probability"": 0.10596727869158483, ""min_price_decimal"": 8.0, ""max_price_decimal"": 10.6, ""bookmaker_count"": 6}]"
1.0,2031f79c4dd229576855fb346449a8d4,basketball_nba,True,,0.37,0.36,"[""13444945640202321528095851332809153200962291577951823969882341501003901713544"", ""114238773832908483069082991054428273188448323998839051789529996164895184951167""]",0.9999750006249843,0x1fd12d4293c6583cfacb4694497c282a4d0374fc3ba132a921bc2a85b19acfd2,,False,2025-12-10,True,2025-12-11T03:00:00Z,97142,29206.7215,42441.655517,37902.90903000001,37902.90903000001,37902.90903000001,20023669,0,,,0.37,18105.7701,False,True,False,2025-12-11T03:00:00Z,2025-12-11,820395,18105.7701,"[""0.365"", ""0.635""]","[""Spurs"", ""Lakers""]",36595.03505800001,36595.03505800001,36595.03505800001,41272.443389,41272.443389,-0.005,-0.005,,NS,Spurs vs. Lakers,,10345,nba-2026,0.01,2025-12-11T03:00:00Z,5,"[{""name"": ""Los Angeles Lakers"", ""avg_price_decimal"": 1.5385208561798094, ""avg_implied_probability"": 0.6500210109475147, ""min_price_decimal"": 1.526315789473684, ""max_price_decimal"": 1.5617977528089888, ""bookmaker_count"": 5}, {""name"": ""San Antonio Spurs"", ""avg_price_decimal"": 2.5420000000000003, ""avg_implied_probability"": 0.39352594233705573, ""min_price_decimal"": 2.5, ""max_price_decimal"": 2.63, ""bookmaker_count"": 5}]"
1.0,a360e4c43576d22057ff90d818928066,americanfootball_nfl,True,,0.19,0.17,"[""108076571076544921920786427586474164498072679953687687939147884278116386541908"", ""97962588334879749374252352550950139474745010791582024507059982435714836473585""]",0.9999750006249843,0xa3cb3268c89acf56e5efbe7c2a0a63b01cc5e0e4c0805a7106327a1d9fd4b0e4,,False,2025-12-14,True,2025-12-14T13:00:00Z,93954,83326.402,3946.736351,3884.8961159999994,3884.8961159999994,3884.8961159999994,19255,0,,,0.23,45401.1178,False,True,False,2025-12-14T13:00:00Z,2025-12-14,773048,45401.1178,"[""0.18"", ""0.82""]","[""Cardinals"", ""Texans""]",3822.1298859999997,3822.1298859999997,3822.1298859999997,3883.970121,3883.970121,-0.07,,-0.31,NS,Cardinals vs. Texans,,10187,nfl-2025,0.02,2025-12-14T13:00:00Z,12,"[{""name"": ""Arizona Cardinals"", ""avg_price_decimal"": 4.99, ""avg_implied_probability"": 0.2008131224792213, ""min_price_decimal"": 4.74, ""max_price_decimal"": 5.4, ""bookmaker_count"": 12}, {""name"": ""Houston Texans"", ""avg_price_decimal"": 1.190113586267974, ""avg_implied_probability"": 0.8404217148753693, ""min_price_decimal"": 1.1666666666666667, ""max_price_decimal"": 1.219298245614035, ""bookmaker_count"": 12}]"
1.0,1aa1fb046f11dadb32dad77d5baf552e,americanfootball_nfl,True,,0.57,0.56,"[""40616413829951366228669990519991442493076437145760061788606256967024174219577"", ""13484726213186330594403690348612669450297035718033171258768095833287218272016""]",1,0x6afc1778ee583775cf4b05499ce4cc34b4b4a3a7d7e351941a4c90c8e330014f,,False,2025-12-14,True,2025-12-14T13:00:00Z,93953,1865408.503,3707.304,3705.031274,3705.031274,3705.031274,19254,0,,,0.57,559676.9685,False,True,False,2025-12-14T13:00:00Z,2025-12-14,773047,559676.9685,"[""0.565"", ""0.435""]","[""Ravens"", ""Bengals""]",2319.7369129999997,2319.7369129999997,2319.7369129999997,2322.009639,2322.009639,0.015,,0.235,NS,Ravens vs. Bengals,,10187,nfl-2025,0.01,2025-12-14T13:00:00Z,12,"[{""name"": ""Baltimore Ravens"", ""avg_price_decimal"": 1.7068507665159247, ""avg_implied_probability"": 0.5861250776760475, ""min_price_decimal"": 1.6329113924050633, ""max_price_decimal"": 1.7518796992481203, ""bookmaker_count"": 12}, {""name"": ""Cincinnati Bengals"", ""avg_price_decimal"": 2.223333333333333, ""avg_implied_probability"": 0.44989859165195534, ""min_price_decimal"": 2.1399999999999997, ""max_price_decimal"": 2.27, ""bookmaker_count"": 12}]"
1.0,c127c7a2426ec655e18ca9c394068f6c,americanfootball_nfl,True,,0.52,0.5,"[""63318541023611879372668088232945116356843392132099065902537104234302958593551"", ""52240534597876551731169435563386055088454147723882459956480017363260963625822""]",0.9999750006249843,0xa3e1a124a8fcb85e220a60e52049d1ebd2afb87fc8034ceaeb6567c8b968239e,,False,2025-12-14,True,2025-12-14T13:00:00Z,93957,1343181.5808,30679.352992,30530.569639000005,30530.569639000005,30530.569639000005,19258,0,,,0.52,561120.1017,False,True,False,2025-12-14T13:00:00Z,2025-12-14,773051,561120.1017,"[""0.51"", ""0.49""]","[""Bills"", ""Patriots""]",29661.819639000005,29661.819639000005,29661.819639000005,29800.987609,29800.987609,0.005,,-0.005,NS,Bills vs. Patriots,,10187,nfl-2025,0.02,2025-12-14T13:00:00Z,9,"[{""name"": ""Buffalo Bills"", ""avg_price_decimal"": 1.8836491563292503, ""avg_implied_probability"": 0.531168744576441, ""min_price_decimal"": 1.819672131147541, ""max_price_decimal"": 1.9433962264150944, ""bookmaker_count"": 9}, {""name"": ""New England Patriots"", ""avg_price_decimal"": 1.9710872219567872, ""avg_implied_probability"": 0.5076646138438706, ""min_price_decimal"": 1.8695652173913042, ""max_price_decimal"": 2.04, ""bookmaker_count"": 9}]"
1.0,8261541e6b9b32537bd0821ef2c0a05d,americanfootball_nfl,True,,0.24,0.22,"[""9758293011596290692308950871271708826639335577096242546807215457121882891910"", ""67697688599031085516636076150194035723261554221652911664005153025006848693299""]",0.9999750006249843,0x622e7c2e3e246364be3d4790364d91fa1cffdbacf988a06509ed708b6d1f28d0,,False,2025-12-14,True,2025-12-14T13:00:00Z,93952,1068337.9456,6509.519081,5730.919854999999,5730.919854999999,5730.919854999999,19253,0,,,0.23,514852.5136,False,True,False,2025-12-14T13:00:00Z,2025-12-14,773046,514852.5136,"[""0.23"", ""0.77""]","[""Browns"", ""Bears""]",5682.7410279999995,5682.7410279999995,5682.7410279999995,6111.340254,6111.340254,-0.01,,0.02,NS,Browns vs. Bears,,10187,nfl-2025,0.02,2025-12-14T13:00:00Z,12,"[{""name"": ""Chicago Bears"", ""avg_price_decimal"": 1.2575978223141229, ""avg_implied_probability"": 0.7954376465288919, ""min_price_decimal"": 1.2197802197802199, ""max_price_decimal"": 1.2985074626865671, ""bookmaker_count"": 12}, {""name"": ""Cleveland Browns"", ""avg_price_decimal"": 4.141666666666667, ""avg_implied_probability"": 0.24186320053874888, ""min_price_decimal"": 3.9, ""max_price_decimal"": 4.4, ""bookmaker_count"": 12}]"
1.0,0f0601c020a478f5d9f81f06a141c2c8,americanfootball_nfl,True,,0.15,0.13,"[""77854106765456953613284988488918803055281735564431321569609229978239248023908"", ""28512656905308345634871175641858767961132956073778208060881525456672410418239""]",0.9999750006249843,0x92299e316996773f93a97e601499297d9d2e20fa841499f1cf32977b1a834a65,,False,2025-12-14,True,2025-12-14T13:00:00Z,93955,1433438.0896,12678.639736,10445.207428999998,10445.207428999998,10445.207428999998,19256,0,,,0.15,533907.3086,False,True,False,2025-12-14T13:00:00Z,2025-12-14,773049,533907.3086,"[""0.14"", ""0.86""]","[""Jets"", ""Jaguars""]",9927.207428999998,9927.207428999998,9927.207428999998,12084.689736,12084.689736,0.01,0.005,-0.175,NS,Jets vs. Jaguars,,10187,nfl-2025,0.02,2025-12-14T13:00:00Z,12,"[{""name"": ""Jacksonville Jaguars"", ""avg_price_decimal"": 1.1305943223687176, ""avg_implied_probability"": 0.8845876323599744, ""min_price_decimal"": 1.1109877913429522, ""max_price_decimal"": 1.149476831091181, ""bookmaker_count"": 12}, {""name"": ""New York Jets"", ""avg_price_decimal"": 6.537499999999999, ""avg_implied_probability"": 0.15345200138429946, ""min_price_decimal"": 6.0, ""max_price_decimal"": 7.14, ""bookmaker_count"": 12}]"
1.0,3aba4bb1fe41ecd45f934116fcc90c3f,americanfootball_nfl,True,,0.45,0.44,"[""75550100348290995994172953800500008236161636668793692312150253547268929606945"", ""111908270448110940812631149204262051435441577786660341455469520860410442054371""]",0.9999750006249843,0xf8b52d9991c5c5359412582c94a475d592168dd37ae6a8ec9a6b9e5bff0194cf,,False,2025-12-14,True,2025-12-14T13:00:00Z,93958,1753919.2286,1057.476564,1055.51228,1055.51228,1055.51228,19259,0,,,0.45,532252.103,False,True,False,2025-12-14T13:00:00Z,2025-12-14,773052,532252.103,"[""0.445"", ""0.555""]","[""Commanders"", ""Giants""]",993.48228,993.48228,993.48228,995.446564,995.446564,0.005,,-0.06,NS,Commanders vs. Giants,,10187,nfl-2025,0.01,2025-12-14T13:00:00Z,12,"[{""name"": ""New York Giants"", ""avg_price_decimal"": 1.7496209244145673, ""avg_implied_probability"": 0.5716963657198104, ""min_price_decimal"": 1.704225352112676, ""max_price_decimal"": 1.8, ""bookmaker_count"": 12}, {""name"": ""Washington Commanders"", ""avg_price_decimal"": 2.1475000000000004, ""avg_implied_probability"": 0.4659349285507787, ""min_price_decimal"": 2.05, ""max_price_decimal"": 2.2199999999999998, ""bookmaker_count"": 12}]"
1.0,f3fd2782d4d03bd12a177fbbad17005b,americanfootball_nfl,True,,0.58,0.57,"[""40092713679230552071377062781904007799757803259494535232752244210295847255336"", ""66613444439665837597247321238237085750475434098482799139951691222487379614319""]",0.9996001599360256,0xc486ecc53d9484cf29da644ec1855776ca93abde10c3f4a3fc8f13f22cbba24d,,False,2025-12-14,True,2025-12-14T16:25:00Z,94770,1407344.7935,27156.672832,25093.085074000002,25093.085074000002,25093.085074000002,19263,0,,,0.59,540127.5134,False,True,False,2025-12-14T16:25:00Z,2025-12-14,786249,540127.5134,"[""0.575"", ""0.425""]","[""Panthers"", ""Saints""]",23098.743625000003,23098.743625000003,23098.743625000003,25098.743625,25098.743625,0.015,,0.08,NS,Panthers vs. Saints,,10187,nfl-2025,0.01,2025-12-14T16:25:00Z,12,"[{""name"": ""Carolina Panthers"", ""avg_price_decimal"": 1.692115552204026, ""avg_implied_probability"": 0.5911015209920244, ""min_price_decimal"": 1.6666666666666665, ""max_price_decimal"": 1.72992700729927, ""bookmaker_count"": 12}, {""name"": ""New Orleans Saints"", ""avg_price_decimal"": 2.2566666666666673, ""avg_implied_probability"": 0.4434433484462064, ""min_price_decimal"": 2.17, ""max_price_decimal"": 2.35, ""bookmaker_count"": 12}]"
1.0,2ec8a387d0c337aeffac3f956c292e87,americanfootball_nfl,True,,0.57,0.55,"[""77074150187025432680174900920098621628568203058388799798842488328627322608778"", ""31766202685086050159870137877819664313790298201404143403439200289763238160541""]",0.9999750006249843,0x339b3403a13323a31c6004569650cfaa3300989345279df9b9a6fe1ce060caa6,,False,2025-12-14,True,2025-12-14T16:25:00Z,94759,1412340.6337,35159.424001,35045.380846,35045.380846,35045.380846,19261,0,,,0.57,524760.925,False,True,False,2025-12-14T16:25:00Z,2025-12-14,786217,524760.925,"[""0.56"", ""0.44""]","[""Packers"", ""Broncos""]",11651.269254,11651.269254,11651.269254,11663.052409,11663.052409,0.02,,0.075,NS,Packers vs. Broncos,,10187,nfl-2025,0.02,2025-12-14T16:25:00Z,12,"[{""name"": ""Denver Broncos"", ""avg_price_decimal"": 2.181666666666666, ""avg_implied_probability"": 0.4587026300861743, ""min_price_decimal"": 2.0700000000000003, ""max_price_decimal"": 2.26, ""bookmaker_count"": 12}, {""name"": ""Green Bay Packers"", ""avg_price_decimal"": 1.7335258599728727, ""avg_implied_probability"": 0.5769901766285633, ""min_price_decimal"": 1.6896551724137931, ""max_price_decimal"": 1.7874015748031495, ""bookmaker_count"": 12}]"
1.0,bd299b70476643cff05f2be58e12301a,americanfootball_nfl,True,,0.31,0.29,"[""79638985970326400341372753772294140867656219016193008536843448996845107410330"", ""14620495499810166886640315013497801856604493358523172854619558667169678395656""]",0.9999750006249843,0x4896995cdcc973bba4ebe182f928324d168830308ff68eaedd9735a99ea963c0,,False,2025-12-14,True,2025-12-14T16:25:00Z,94764,1593570.6793,25175.524691,25070.981102,25070.981102,25070.981102,19262,0,,,0.29,485367.1438,False,True,False,2025-12-14T16:25:00Z,2025-12-14,786230,485367.1438,"[""0.3"", ""0.7""]","[""Lions"", ""Rams""]",5934.066289,5934.066289,5934.066289,5968.200795,5968.200795,-0.025,0.005,-0.205,NS,Lions vs. Rams,,10187,nfl-2025,0.02,2025-12-14T16:25:00Z,12,"[{""name"": ""Detroit Lions"", ""avg_price_decimal"": 3.1750000000000003, ""avg_implied_probability"": 0.3155543192536061, ""min_price_decimal"": 2.9, ""max_price_decimal"": 3.35, ""bookmaker_count"": 12}, {""name"": ""Los Angeles Rams"", ""avg_price_decimal"": 1.3834339766281831, ""avg_implied_probability"": 0.7229528598769274, ""min_price_decimal"": 1.3636363636363638, ""max_price_decimal"": 1.4081632653061225, ""bookmaker_count"": 12}]"
1.0,f7343baf47dcf23e672799d00788173d,americanfootball_nfl,True,,0.12,0.11,"[""108150027309769549188092338358995062947567126898812133696496790931097007323946"", ""76736749499245871023336254064476905793437648006539554824806610687428240994266""]",0.9999000099990001,0x01c17682836c4df18653f18cb83b894592b1c7a883fb0ebb6878ec1bb48ea7d4,,False,2025-12-14,True,2025-12-14T16:25:00Z,94773,365483.86,76311.980268,73066.500721,73066.500721,73066.500721,19264,0,,,0.14,170168.1531,False,True,False,2025-12-14T16:25:00Z,2025-12-14,786261,170168.1531,"[""0.115"", ""0.885""]","[""Colts"", ""Seahawks""]",43464.281033,43464.281033,43464.281033,46656.76058,46656.76058,-0.055,,-0.385,NS,Colts vs. Seahawks,,10187,nfl-2025,0.01,2025-12-14T16:25:00Z,12,"[{""name"": ""Indianapolis Colts"", ""avg_price_decimal"": 7.385833333333334, ""avg_implied_probability"": 0.13603072691211923, ""min_price_decimal"": 6.5, ""max_price_decimal"": 8.3, ""bookmaker_count"": 12}, {""name"": ""Seattle Seahawks"", ""avg_price_decimal"": 1.1057848721389398, ""avg_implied_probability"": 0.9044219424142211, ""min_price_decimal"": 1.0865800865800865, ""max_price_decimal"": 1.1210653753026634, ""bookmaker_count"": 12}]"
1.0,7ba03312d1012d9872de9999e496558f,americanfootball_nfl,True,,0.14,0.12,"[""114689291516289405540584011748153597220134766540450926493841075805129633457886"", ""69797126481166711223247897836208040020836372877196479370974467824925882958060""]",0.9999000099990001,0x72f3c89aee1abc48cb220a951325afc84b97c96dc25b583a1061a17ba0230fa2,,False,2025-12-14,True,2025-12-14T16:25:00Z,94778,1448211.9775,2493.107971,2474.926163,2474.926163,2474.926163,19265,0,,,0.13,533821.2925,False,True,False,2025-12-14T16:25:00Z,2025-12-14,786288,533821.2925,"[""0.13"", ""0.87""]","[""Titans"", ""49ers""]",2474.926163,2474.926163,2474.926163,2493.107971,2493.107971,,,-0.16,NS,Titans vs. 49ers,,10187,nfl-2025,0.02,2025-12-14T16:25:00Z,12,"[{""name"": ""San Francisco 49ers"", ""avg_price_decimal"": 1.106954768262239, ""avg_implied_probability"": 0.9035924893132637, ""min_price_decimal"": 1.0775795190069821, ""max_price_decimal"": 1.125, ""bookmaker_count"": 12}, {""name"": ""Tennessee Titans"", ""avg_price_decimal"": 7.240833333333332, ""avg_implied_probability"": 0.13923799412460747, ""min_price_decimal"": 6.5, ""max_price_decimal"": 8.33, ""bookmaker_count"": 12}]"
1.0,86b2f11373631509f973bd3e72f5732d,americanfootball_ncaaf,True,,0.33,0.31,"[""90759895139317350902979949063317135282389825394141113899138517241326008777484"", ""48921480392638660573317303303056510125218976325550433778759610199752699239273""]",0.9999000099990001,0x47adc138a89d04c275543a8f97ea676ad69c0837e0442a5e9c9c9a9c466f000e,,False,2025-12-13,True,2025-12-13T20:00:00Z,100376,41766.6904,1.449274,0,0,0,50016320,0,,,,17260.4422,False,True,False,2025-12-13T20:00:00Z,2025-12-13,898445,17260.4422,"[""0.32"", ""0.68""]","[""Army"", ""Navy""]",0,0,0,1.449274,1.449274,,,,NS,Army vs. Navy,,10210,cfb-2025,0.02,2025-12-13T20:00:00Z,11,"[{""name"": ""Army Black Knights"", ""avg_price_decimal"": 3.005454545454546, ""avg_implied_probability"": 0.33331428078399133, ""min_price_decimal"": 2.75, ""max_price_decimal"": 3.2, ""bookmaker_count"": 11}, {""name"": ""Navy Midshipmen"", ""avg_price_decimal"": 1.416335643296817, ""avg_implied_probability"": 0.7061144534956258, ""min_price_decimal"": 1.4, ""max_price_decimal"": 1.434782608695652, ""bookmaker_count"": 11}]"
1.0,a12597fe519a345d8bfdb3f8bd37fc2d,americanfootball_ncaaf,True,,0.27,0.23,"[""29677579897280064805844276979941587756683175290566188959105313642844161123106"", ""48925956572497911061133867659881815926308814686550546758629790711680231812661""]",0.9999750006249843,0x2c87c6a3d81494b907167f6d59f366fb3d7119db7d2b815b0b22061cb2ed426c,,False,2025-12-13,True,2025-12-14T01:00:00Z,100377,8740.3858,52.11892,0,0,0,50016414,0,,,,7060.9864,False,True,False,2025-12-14T01:00:00Z,2025-12-14,898448,7060.9864,"[""0.25"", ""0.75""]","[""Boise State"", ""Washington""]",0,0,0,52.11892,52.11892,,,,NS,Boise State vs. Washington,,10210,cfb-2025,0.04,2025-12-14T01:00:00Z,10,"[{""name"": ""Boise State Broncos"", ""avg_price_decimal"": 3.661999999999999, ""avg_implied_probability"": 0.27321575630115535, ""min_price_decimal"": 3.55, ""max_price_decimal"": 3.82, ""bookmaker_count"": 10}, {""name"": ""Washington Huskies"", ""avg_price_decimal"": 1.29704968482057, ""avg_implied_probability"": 0.7710471894900868, ""min_price_decimal"": 1.2777777777777777, ""max_price_decimal"": 1.3125, ""bookmaker_count"": 10}]"
1.0,f80052f7c09ead246c064985b2c56526,icehockey_nhl,True,,0.13,0.12,"[""115431390567422196767189291390755224348020690248707129893042014401538445214863"", ""99007612491422076629204636683984740403823892831388374707834465456501299413661""]",0.8767123287671234,0xafebc05b0af9b67a455f45272b6db8c58b03f77703cd98400bcff34f39c3cc2f,17,False,2025-12-08,True,2025-12-09T02:00:00Z,78986,106742.74698,412685.429397,165139.001896,165139.001896,165139.001896,30024436,0,,,0.13,21534.6817,True,True,False,2025-12-09T02:00:00Z,2025-12-09,676497,21534.6817,"[""0.125"", ""0.875""]","[""Sabres"", ""Flames""]",52018.765921,52018.765921,52018.765921,297193.583005,297193.583005,-0.29,-0.295,-0.29,P3,Sabres vs. Flames,3-5,10346,nhl-2026,0.01,2025-12-09T02:00:00Z,7,"[{""name"": ""Buffalo Sabres"", ""avg_price_decimal"": 9.477142857142857, ""avg_implied_probability"": 0.10884278009626037, ""min_price_decimal"": 7.0, ""max_price_decimal"": 12.0, ""bookmaker_count"": 7}, {""name"": ""Calgary Flames"", ""avg_price_decimal"": 1.0618945753021296, ""avg_implied_probability"": 0.9420283912941246, ""min_price_decimal"": 1.0285714285714285, ""max_price_decimal"": 1.09000900090009, ""bookmaker_count"": 7}]"
1.0,e7a5adee3d68615b8f62b1d79ae33a4a,icehockey_nhl,True,,0.95,0.93,"[""38132378995915700930931644544788057224927647255481428772550900731841843505563"", ""94565566791891581421879102661396204637264648918520902873798486492285856283263""]",0.9999750006249843,0xc16ef5d0478e4640ea60e3ab580329f3dd00d25b607ef8fd23f7c20db3fa3fe6,7,False,2025-12-08,True,2025-12-09T02:00:00Z,78985,12108.7951,1469356.628778,1190573.251109,1190573.251109,1190573.251109,30024435,0,,,0.93,9520.2009,True,True,False,2025-12-09T02:00:00Z,2025-12-09,676496,9520.2009,"[""0.94"", ""0.06""]","[""Kings"", ""Utah""]",1169218.8002020002,1169218.8002020002,1169218.8002020002,1446344.065341,1446344.065341,0.335,0.315,0.32,P3,Kings vs. Utah,3-2,10346,nhl-2026,0.02,2025-12-09T02:00:00Z,6,"[{""name"": ""Los Angeles Kings"", ""avg_price_decimal"": 1.1104767670072395, ""avg_implied_probability"": 0.9006525991965711, ""min_price_decimal"": 1.0833333333333333, ""max_price_decimal"": 1.125, ""bookmaker_count"": 6}, {""name"": ""Utah Mammoth"", ""avg_price_decimal"": 6.566666666666666, ""avg_implied_probability"": 0.15328671911567635, ""min_price_decimal"": 6.0, ""max_price_decimal"": 7.75, ""bookmaker_count"": 6}]"
1.0,529df50a4bbc84b6ca8d923764ea2c15,icehockey_nhl,True,,0.72,0.71,"[""3411755308032819792637684552367676463503745168728900426460587406526206878956"", ""18485715566243689012456670155761276447160398199858016767795349942880983144697""]",0.9969841230278408,0xf9c6124c9af9cac17dc7819f661c8ce3cab814939508cab95149ac91f8ccce63,9,False,2025-12-08,True,2025-12-09T03:00:00Z,78987,9457.2854,680939.735125,555297.1365750001,555297.1365750001,555297.1365750001,30024437,0,,,0.73,7416.746,True,True,False,2025-12-09T03:00:00Z,2025-12-09,676498,7416.746,"[""0.715"", ""0.285""]","[""Wild"", ""Kraken""]",463459.6282810002,463459.6282810002,463459.6282810002,571987.028057,571987.028057,0.005,,0.05,P2,Wild vs. Kraken,1-1,10346,nhl-2026,0.01,2025-12-09T03:00:00Z,7,"[{""name"": ""Minnesota Wild"", ""avg_price_decimal"": 1.7872422870818565, ""avg_implied_probability"": 0.5596199466577091, ""min_price_decimal"": 1.7407407407407407, ""max_price_decimal"": 1.819672131147541, ""bookmaker_count"": 7}, {""name"": ""Seattle Kraken"", ""avg_price_decimal"": 2.0119884877027734, ""avg_implied_probability"": 0.4972396725680563, ""min_price_decimal"": 1.9523809523809523, ""max_price_decimal"": 2.06, ""bookmaker_count"": 7}]"
1.0,47d5331eab5782db9165fdaec9ab1aca,icehockey_nhl,True,,0.72,0.7,"[""29324620243712742709084689314810012640152975427143319004276675598584027494576"", ""79355126810262599277119034809225431301111744580828521614078383021122138151240""]",0.9944064636420137,0x3306d44ec9dc19e7dc4735b7f3d0a3a710a3b2a307dc13cebb911d6d54059b43,4,False,2025-12-08,True,2025-12-09T03:00:00Z,78988,16170.0643,1039275.391133,484863.2226640007,484863.2226640007,484863.2226640007,30024438,0,,,0.72,13830.3738,True,True,False,2025-12-09T03:00:00Z,2025-12-09,676499,13830.3738,"[""0.71"", ""0.29""]","[""Red Wings"", ""Canucks""]",393974.0142830007,393974.0142830007,393974.0142830007,824381.990442,824381.990442,0.015,,0.04,P2,Red Wings vs. Canucks,1-0,10346,nhl-2026,0.02,2025-12-09T03:00:00Z,7,"[{""name"": ""Detroit Red Wings"", ""avg_price_decimal"": 1.0611021784024204, ""avg_implied_probability"": 0.9492388958802848, ""min_price_decimal"": 1.01, ""max_price_decimal"": 1.3003003003003002, ""bookmaker_count"": 7}, {""name"": ""Vancouver Canucks"", ""avg_price_decimal"": 15.299999999999999, ""avg_implied_probability"": 0.09033800283800285, ""min_price_decimal"": 3.6, ""max_price_decimal"": 20.0, ""bookmaker_count"": 7}]"
1.0,7977bcc7fb014e3674bcc3effd49cc5c,icehockey_nhl,True,,0.47,0.46,"[""36913814130273657246524284072242906938741898023708700371301105253194057124408"", ""16433000139397994792949988242423211654673845348456748025281181679863567595221""]",0.9996001599360256,0xb661b95390e210e1ae8b13825824270261e46a6d1dd795aa7a59da9e651c5769,,False,2025-12-09,True,2025-12-10T00:00:00Z,79817,96368.6482,243290.771011,232247.58015000014,232247.58015000014,232247.58015000014,30024439,0,,,0.47,68175.2862,False,True,False,2025-12-10T00:00:00Z,2025-12-10,678393,68175.2862,"[""0.465"", ""0.535""]","[""Ducks"", ""Penguins""]",231703.64015000014,231703.64015000014,231703.64015000014,234235.954279,234235.954279,0.01,,-0.035,,Ducks vs. Penguins,,10346,nhl-2026,0.01,2025-12-10T00:00:00Z,11,"[{""name"": ""Anaheim Ducks"", ""avg_price_decimal"": 2.0472727272727274, ""avg_implied_probability"": 0.488548954015388, ""min_price_decimal"": 2.0, ""max_price_decimal"": 2.08, ""bookmaker_count"": 11}, {""name"": ""Pittsburgh Penguins"", ""avg_price_decimal"": 1.8131963152350072, ""avg_implied_probability"": 0.5516993458554578, ""min_price_decimal"": 1.7575757575757576, ""max_price_decimal"": 1.8620689655172413, ""bookmaker_count"": 11}]"
1.0,f8fe7892138aeff9022be182c799c3ed,icehockey_nhl,True,,0.49,0.48,"[""502484223177757247819020240142034744749179757403736740099394260519200554750"", ""51975446585258385384279170501376412470263273066819933594260954299907030539980""]",0.9997750506136119,0x058f12a49db2d4370338fc5bcb43709e4503cb6a06a60351f6f1ca8eeafde950,,False,2025-12-09,True,2025-12-10T00:00:00Z,79822,40284.791,12365.050337,9564.355994,9564.355994,9564.355994,30024444,0,,,0.49,39990.8502,False,True,False,2025-12-10T00:00:00Z,2025-12-10,678398,39990.8502,"[""0.485"", ""0.515""]","[""Lightning"", ""Canadiens""]",9536.186981,9536.186981,9536.186981,12336.881324,12336.881324,-0.09,-0.005,-0.025,,Lightning vs. Canadiens,,10346,nhl-2026,0.01,2025-12-10T00:00:00Z,7,"[{""name"": ""Montr\u00e9al Canadiens"", ""avg_price_decimal"": 1.8003040947322473, ""avg_implied_probability"": 0.555503193473599, ""min_price_decimal"": 1.7692307692307692, ""max_price_decimal"": 1.8264462809917354, ""bookmaker_count"": 7}, {""name"": ""Tampa Bay Lightning"", ""avg_price_decimal"": 2.016493317951444, ""avg_implied_probability"": 0.49613679895002455, ""min_price_decimal"": 1.9345794392523366, ""max_price_decimal"": 2.05, ""bookmaker_count"": 7}]"
1.0,f057da4fea95022a8acd2ed301722357,icehockey_nhl,True,,0.45,0.44,"[""79383528241380182021980973942715432305151699723202201653594903974588497198770"", ""36604271420528673552153627311199687907387349433601089646956822473257096349592""]",0.9999750006249843,0x2789fc8ae5d401188343d174eb21d4f118203e5db90a0d02d7f52c776c30bf4c,,False,2025-12-09,True,2025-12-10T00:00:00Z,79820,74725.7769,13009.0549,7228.273730999999,7228.273730999999,7228.273730999999,30024442,0,,,0.45,57005.3713,False,True,False,2025-12-10T00:00:00Z,2025-12-10,678396,57005.3713,"[""0.445"", ""0.555""]","[""Devils"", ""Senators""]",6975.273730999999,6975.273730999999,6975.273730999999,12756.0549,12756.0549,-0.045,-0.005,-0.07,,Devils vs. Senators,,10346,nhl-2026,0.01,2025-12-10T00:00:00Z,11,"[{""name"": ""New Jersey Devils"", ""avg_price_decimal"": 2.162727272727272, ""avg_implied_probability"": 0.4624786299584089, ""min_price_decimal"": 2.1, ""max_price_decimal"": 2.21, ""bookmaker_count"": 11}, {""name"": ""Ottawa Senators"", ""avg_price_decimal"": 1.7313827008391591, ""avg_implied_probability"": 0.5776407012885726, ""min_price_decimal"": 1.6896551724137931, ""max_price_decimal"": 1.7575757575757576, ""bookmaker_count"": 11}]"
1.0,e74f05ac83cca89784e3630ec46d1b00,icehockey_nhl,True,,0.57,0.56,"[""37582914492415294336164579836127302392144780414041700669066745425715318405745"", ""99830215477141480059734295955412322107095167416875318448629392028428522709741""]",0.9993753903810119,0x9fafe66b46e15aab6bb03946dc095468eb62883c0bce66590edd3e036969ca89,,False,2025-12-09,True,2025-12-10T00:00:00Z,79821,71532.956,303235.085739,263831.99642599997,263831.99642599997,263831.99642599997,30024443,0,,,0.57,47562.9561,False,True,False,2025-12-10T00:00:00Z,2025-12-10,678397,47562.9561,"[""0.565"", ""0.435""]","[""Golden Knights"", ""Islanders""]",263831.99642599997,263831.99642599997,263831.99642599997,299900.682157,299900.682157,0.02,0.005,0.06,,Golden Knights vs. Islanders,,10346,nhl-2026,0.01,2025-12-10T00:00:00Z,11,"[{""name"": ""New York Islanders"", ""avg_price_decimal"": 2.1509090909090904, ""avg_implied_probability"": 0.46503068613087906, ""min_price_decimal"": 2.09, ""max_price_decimal"": 2.2, ""bookmaker_count"": 11}, {""name"": ""Vegas Golden Knights"", ""avg_price_decimal"": 1.7414533605228968, ""avg_implied_probability"": 0.5744028438841631, ""min_price_decimal"": 1.6944444444444444, ""max_price_decimal"": 1.78125, ""bookmaker_count"": 11}]"
1.0,a91b6eb7cb2d102fb3b5a50d5dd1651e,icehockey_nhl,True,,0.39,0.38,"[""25828740865689231003047925252602414402023130766055352879574891247814857657572"", ""17205097211053390486767033710940799796533327283815032910834538615080919081685""]",0.9979790923380155,0x72269203da0688a021e9d18b305dc3eafec09d7daa1626b5c369b1513c0e98dc,,False,2025-12-09,True,2025-12-10T00:00:00Z,79819,56733.4653,7602.2867,6965.877187,6920.877187,6965.877187,30024441,0,,,0.39,40535.3202,False,True,False,2025-12-10T00:00:00Z,2025-12-10,678395,40535.3202,"[""0.385"", ""0.615""]","[""Sharks"", ""Flyers""]",6965.877187,6920.877187,6965.877187,7602.2867,7602.2867,0.005,,0.02,,Sharks vs. Flyers,,10346,nhl-2026,0.01,2025-12-10T00:00:00Z,11,"[{""name"": ""Philadelphia Flyers"", ""avg_price_decimal"": 1.5785649868023037, ""avg_implied_probability"": 0.6335647532591374, ""min_price_decimal"": 1.5494505494505495, ""max_price_decimal"": 1.6097560975609757, ""bookmaker_count"": 11}, {""name"": ""San Jose Sharks"", ""avg_price_decimal"": 2.462727272727273, ""avg_implied_probability"": 0.40613373852581525, ""min_price_decimal"": 2.3899999999999997, ""max_price_decimal"": 2.51, ""bookmaker_count"": 11}]"
1.0,6f256230b5ea108e672b532dd8d9e3d6,icehockey_nhl,True,,0.35,0.34,"[""102607547823134589900933121882462003225668824137417082339022332674438857887594"", ""90477127921186311494646255554901203183198591377108927938215123241574946138923""]",0.9999750006249843,0x1d29ca4082bd2de2610467cad103bf3c2245ee2398bca77386716eeb34059b5f,,False,2025-12-09,True,2025-12-10T00:30:00Z,79823,67863.4476,149303.578283,148720.65735400002,148681.65735400002,148720.65735400002,30024445,0,,,0.35,45863.4113,False,True,False,2025-12-10T00:30:00Z,2025-12-10,678399,45863.4113,"[""0.345"", ""0.655""]","[""Blue Jackets"", ""Hurricanes""]",148720.65735400002,148681.65735400002,148720.65735400002,149171.578283,149171.578283,-0.02,,-0.16,,Blue Jackets vs. Hurricanes,,10346,nhl-2026,0.01,2025-12-10T00:30:00Z,11,"[{""name"": ""Carolina Hurricanes"", ""avg_price_decimal"": 1.4669299278276566, ""avg_implied_probability"": 0.6818182709425822, ""min_price_decimal"": 1.4310344827586206, ""max_price_decimal"": 1.5050505050505052, ""bookmaker_count"": 11}, {""name"": ""Columbus Blue Jackets"", ""avg_price_decimal"": 2.8009090909090912, ""avg_implied_probability"": 0.35711038120807914, ""min_price_decimal"": 2.7, ""max_price_decimal"": 2.8600000000000003, ""bookmaker_count"": 11}]"
1.0,2860e4bf9394acdb4bd7677fd0f36628,icehockey_nhl,True,,0.43,0.42,"[""6826633796015878812429612055585249006315518110350308672097451016055740777461"", ""10198839830893296469366593301956197722035300315062835210962276560645973983920""]",1,0xa79dc58d5e4381597846356bb95c28ed93b7eec2c5e8d8bb9177d2f4fe1d2fbf,,False,2025-12-09,True,2025-12-10T01:00:00Z,79818,91129.698,22840.119401,20672.633982,20672.633982,20672.633982,30024440,0,,,0.43,72375.1881,False,True,False,2025-12-10T01:00:00Z,2025-12-10,678394,72375.1881,"[""0.425"", ""0.575""]","[""Bruins"", ""Blues""]",20650.245925,20650.245925,20650.245925,22817.731344,22817.731344,-0.015,,-0.08,,Bruins vs. Blues,,10346,nhl-2026,0.01,2025-12-10T01:00:00Z,11,"[{""name"": ""Boston Bruins"", ""avg_price_decimal"": 2.2763636363636364, ""avg_implied_probability"": 0.4395107673133845, ""min_price_decimal"": 2.16, ""max_price_decimal"": 2.38, ""bookmaker_count"": 11}, {""name"": ""St Louis Blues"", ""avg_price_decimal"": 1.6698595114061048, ""avg_implied_probability"": 0.5991318345369797, ""min_price_decimal"": 1.6024096385542168, ""max_price_decimal"": 1.7142857142857144, ""bookmaker_count"": 11}]"
1.0,b40a566181adbcab59d2d7373ae7c995,icehockey_nhl,True,,0.56,0.55,"[""21841377091629792084861988020270953995037940256472051673168943845766665765209"", ""49180736769410929152520684070336964554800754442930926144613167881570849036024""]",0.9975062344139651,0xa4665cb732d95c9e2e98d1f93399ae0203f00c9fed650ac56ee93e7112913c6c,,False,2025-12-09,True,2025-12-10T01:00:00Z,79824,86674.5317,230853.540908,220779.742669,220779.742669,220779.742669,30024446,0,,,0.56,68638.1303,False,True,False,2025-12-10T01:00:00Z,2025-12-10,678400,68638.1303,"[""0.555"", ""0.445""]","[""Stars"", ""Jets""]",220771.047018,220771.047018,220771.047018,230270.845257,230270.845257,0.01,,0.055,,Stars vs. Jets,,10346,nhl-2026,0.01,2025-12-10T01:00:00Z,11,"[{""name"": ""Dallas Stars"", ""avg_price_decimal"": 1.7493552978832887, ""avg_implied_probability"": 0.5717151979379167, ""min_price_decimal"": 1.7142857142857144, ""max_price_decimal"": 1.7692307692307692, ""bookmaker_count"": 11}, {""name"": ""Winnipeg Jets"", ""avg_price_decimal"": 2.1363636363636362, ""avg_implied_probability"": 0.4681833903163268, ""min_price_decimal"": 2.0700000000000003, ""max_price_decimal"": 2.19, ""bookmaker_count"": 11}]"
1.0,99c9e0e9799b5c9a671e31f51ffec139,icehockey_nhl,True,,0.34,0.33,"[""40768133722738831238015481381531263850894975168364400515326944712564230550810"", ""30532469984805590859488145459202655530754980809643030241383538629824159141622""]",0.9997750506136119,0xf16b270150eff0a8c490c34b3c382bfaba902e6567fff517ec9bdc88252b91ea,,False,2025-12-09,True,2025-12-10T02:00:00Z,79825,34449.5896,199059.546607,197837.82469500005,197837.82469500005,197837.82469500005,30024447,0,,,0.34,34134.4585,False,True,False,2025-12-10T02:00:00Z,2025-12-10,678401,34134.4585,"[""0.335"", ""0.665""]","[""Sabres"", ""Oilers""]",197817.82469500005,197817.82469500005,197817.82469500005,198676.546607,198676.546607,-0.015,,-0.165,,Sabres vs. Oilers,,10346,nhl-2026,0.01,2025-12-10T02:00:00Z,7,"[{""name"": ""Buffalo Sabres"", ""avg_price_decimal"": 2.563000143000143, ""avg_implied_probability"": 0.44635881297638047, ""min_price_decimal"": 1.001001001001001, ""max_price_decimal"": 2.9, ""bookmaker_count"": 7}, {""name"": ""Edmonton Oilers"", ""avg_price_decimal"": 1.4440905555903556, ""avg_implied_probability"": 0.6925896895828237, ""min_price_decimal"": 1.4132231404958677, ""max_price_decimal"": 1.4672897196261683, ""bookmaker_count"": 7}]"
1.0,5208e79d7bdc6e56bf01d823c97c9f31,icehockey_nhl,True,,0.69,0.68,"[""113651016327913761981299209923675111167310614656050474681281489129470347105168"", ""62697991778795892256719379339497426541385617877897176536387933675392774554337""]",0.9979790923380155,0x1fdd0bae5339f691aac5858233634f849c8928cf9c79ab119fc2005062773cdd,,False,2025-12-09,True,2025-12-10T02:30:00Z,79826,62845.3475,213703.339477,205692.39308399995,205649.39308399995,205692.39308399995,30024448,0,,,0.69,44248.1798,False,True,False,2025-12-10T02:30:00Z,2025-12-10,678402,44248.1798,"[""0.685"", ""0.315""]","[""Avalanche"", ""Predators""]",205592.39308399995,205549.39308399995,205592.39308399995,213288.339477,213288.339477,0.03,,0.175,,Avalanche vs. Predators,,10346,nhl-2026,0.01,2025-12-10T02:30:00Z,11,"[{""name"": ""Colorado Avalanche"", ""avg_price_decimal"": 1.4431887052063337, ""avg_implied_probability"": 0.6930639472987775, ""min_price_decimal"": 1.4, ""max_price_decimal"": 1.4651162790697674, ""bookmaker_count"": 11}, {""name"": ""Nashville Predators"", ""avg_price_decimal"": 2.892727272727273, ""avg_implied_probability"": 0.3458774262437375, ""min_price_decimal"": 2.76, ""max_price_decimal"": 2.98, ""bookmaker_count"": 11}]"
1.0,bd366abff77cb883ea4975dba944d50e,basketball_ncaab,True,,0.61,0.53,"[""48649102701051714205429850770786573475064754339931685957537373489352856328232"", ""44865451086195529958930660934514605967072784724099016626928246736011177346276""]",1,0x53eabe4197f301d50121cdb936209a81c54a16eba9c4cb8f6fde92a7e03fb16b,,False,2025-12-09,True,2025-12-09T22:00:00Z,96498,2716.0442,53.173409,1.449274,1.449274,1.449274,69957,0,,,0.58,1994.5742,False,True,False,2025-12-09T22:00:00Z,2025-12-09,809043,1994.5742,"[""0.57"", ""0.43""]","[""Buffalo Bulls"", ""UMBC Retrievers""]",1.449274,1.449274,1.449274,53.173409,53.173409,0.135,,,,Buffalo Bulls vs. UMBC Retrievers,,10470,ncaa-cbb,0.08,2025-12-09T22:00:00Z,1,"[{""name"": ""Buffalo Bulls"", ""avg_price_decimal"": 1.6756756756756757, ""avg_implied_probability"": 0.5967741935483871, ""min_price_decimal"": 1.6756756756756757, ""max_price_decimal"": 1.6756756756756757, ""bookmaker_count"": 1}, {""name"": ""UMBC Retrievers"", ""avg_price_decimal"": 2.24, ""avg_implied_probability"": 0.44642857142857145, ""min_price_decimal"": 2.24, ""max_price_decimal"": 2.24, ""bookmaker_count"": 1}]"
0.7791666666666667,11932070fa13a872fe66b691698060bb,basketball_ncaab,True,,0.95,0.04,"[""95905592034735303473341851724646481557705673354290310742342366862319616929764"", ""46730491037650010892943421686865481655293480190422770659853358727701492427308""]",0.08999775005624859,0x98134b1507ffc73fb6404e15bb3b63f5778d76ff75ddc51d3f710fd5a8ea3cf3,,False,2025-12-13,True,2025-12-13T19:00:00Z,99359,8.6897,0,0,0,0,146161,0,,,,8.6897,False,True,False,2025-12-13T19:00:00Z,2025-12-13,883181,8.6897,"[""0.495"", ""0.505""]","[""UNLV Runnin' Rebels"", ""Cincinnati Bearcats""]",0,0,0,0,0,-0.005,,,,UNLV Runnin' Rebels vs. Cincinnati Bearcats (W),,10471,cwbb,0.91,2025-12-13T19:00:00Z,1,"[{""name"": ""Loyola (MD) Greyhounds"", ""avg_price_decimal"": 1.9803921568627452, ""avg_implied_probability"": 0.504950495049505, ""min_price_decimal"": 1.9803921568627452, ""max_price_decimal"": 1.9803921568627452, ""bookmaker_count"": 1}, {""name"": ""VMI Keydets"", ""avg_price_decimal"": 1.847457627118644, ""avg_implied_probability"": 0.5412844036697247, ""min_price_decimal"": 1.847457627118644, ""max_price_decimal"": 1.847457627118644, ""bookmaker_count"": 1}]"
1.0,5df74a631366fa90c0b8e4c6161407cd,basketball_ncaab,True,,0.28,0.25,"[""86873138743808451574764708402270525145603113658661711251912927644566114596902"", ""107418891298740216003393402900737781311957915181903617424675824155353196993957""]",1,0x6ea2963f9106ace77a4d42d530235a9b7a01416eb618cbdf7caf1a2953de7d1d,,False,2025-12-09,True,2025-12-09T23:30:00Z,96472,31375.4626,25922.596786,24532.818086,24532.818086,24532.818086,68363,0,,,0.29,15983.5326,False,True,False,2025-12-09T23:30:00Z,2025-12-09,809017,15983.5326,"[""0.265"", ""0.735""]","[""Clemson Tigers"", ""BYU Cougars""]",5486.818086000001,5486.818086000001,5486.818086000001,6452.596786,6452.596786,-0.025,-0.02,,,Clemson Tigers vs. BYU Cougars,,10470,ncaa-cbb,0.03,2025-12-09T23:30:00Z,5,"[{""name"": ""BYU Cougars"", ""avg_price_decimal"": 1.2340885609985353, ""avg_implied_probability"": 0.8188647497219582, ""min_price_decimal"": 1.001, ""max_price_decimal"": 1.3076923076923077, ""bookmaker_count"": 5}, {""name"": ""Clemson Tigers"", ""avg_price_decimal"": 3.632, ""avg_implied_probability"": 0.27536134776297183, ""min_price_decimal"": 3.6, ""max_price_decimal"": 3.7, ""bookmaker_count"": 5}]"
1.0,960a77b675cb51fa9ec9073c4f7b58e0,basketball_ncaab,True,,0.09,0.06,"[""102968647934811604671660855347460140777091943341810692408394532240003666242530"", ""50436565223520742147629156138103939673220907467850733698065657082382770576575""]",0.9999000099990001,0xaa68a639c5c3b2478041ca06fbcfdd701b007668d18ab78750a388b92f8d2cff,,False,2025-12-09,True,2025-12-09T23:30:00Z,96495,26972.9959,2154.703582,1208.4269989999998,1208.4269989999998,1208.4269989999998,69954,0,,,0.08,17508.0329,False,True,False,2025-12-09T23:30:00Z,2025-12-09,809040,17508.0329,"[""0.075"", ""0.925""]","[""Villanova Wildcats"", ""Michigan Wolverines""]",1208.4269989999998,1208.4269989999998,1208.4269989999998,2154.703582,2154.703582,-0.285,-0.005,,,Villanova Wildcats vs. Michigan Wolverines,,10470,ncaa-cbb,0.03,2025-12-09T23:30:00Z,5,"[{""name"": ""Michigan Wolverines"", ""avg_price_decimal"": 1.0398111111111112, ""avg_implied_probability"": 0.9621245627437578, ""min_price_decimal"": 1.001, ""max_price_decimal"": 1.0625, ""bookmaker_count"": 5}, {""name"": ""Villanova Wildcats"", ""avg_price_decimal"": 10.698, ""avg_implied_probability"": 0.09420753124630256, ""min_price_decimal"": 9.5, ""max_price_decimal"": 12.0, ""bookmaker_count"": 5}]"
1.0,ce01cc4538b2de171f20fa5a866d19b4,basketball_ncaab,True,,0.04,0.03,"[""63785351000227387600634659842186099598825836710732940492054642863834091999708"", ""63259800219486665312071609169594675539317545634696590762286672534417748877535""]",0.8222162839935045,0x191346c5106428c4e7d6e077581d2de7767055b4cf45dd089d305251683ffd03,,False,2025-12-09,True,2025-12-10T00:00:00Z,96483,14562.32909,216,13,13,13,69131,0,,,,14562.32909,False,True,False,2025-12-10T00:00:00Z,2025-12-10,809028,14562.32909,"[""0.035"", ""0.965""]","[""Little Rock Trojans"", ""West Virginia Mountaineers""]",13,13,13,216,216,-0.045,,,,Little Rock Trojans vs. West Virginia Mountaineers,,10470,ncaa-cbb,0.01,2025-12-10T00:00:00Z,4,"[{""name"": ""Arkansas-Little Rock Trojans"", ""avg_price_decimal"": 34.8125, ""avg_implied_probability"": 0.02910652154908646, ""min_price_decimal"": 31.0, ""max_price_decimal"": 41.0, ""bookmaker_count"": 4}, {""name"": ""West Virginia Mountaineers"", ""avg_price_decimal"": 1.0052499999999998, ""avg_implied_probability"": 0.9947874400364425, ""min_price_decimal"": 1.001, ""max_price_decimal"": 1.01, ""bookmaker_count"": 4}]"
0.9736842105263159,f807309de30a1dc566280f822f8c9d5b,basketball_ncaab,True,,0.95,0.04,"[""95905592034735303473341851724646481557705673354290310742342366862319616929764"", ""46730491037650010892943421686865481655293480190422770659853358727701492427308""]",0.08999775005624859,0x98134b1507ffc73fb6404e15bb3b63f5778d76ff75ddc51d3f710fd5a8ea3cf3,,False,2025-12-13,True,2025-12-13T19:00:00Z,99359,8.6897,0,0,0,0,146161,0,,,,8.6897,False,True,False,2025-12-13T19:00:00Z,2025-12-13,883181,8.6897,"[""0.495"", ""0.505""]","[""UNLV Runnin' Rebels"", ""Cincinnati Bearcats""]",0,0,0,0,0,-0.005,,,,UNLV Runnin' Rebels vs. Cincinnati Bearcats (W),,10471,cwbb,0.91,2025-12-13T19:00:00Z,5,"[{""name"": ""Ball State Cardinals"", ""avg_price_decimal"": 3.25, ""avg_implied_probability"": 0.3079216535098888, ""min_price_decimal"": 3.15, ""max_price_decimal"": 3.4, ""bookmaker_count"": 5}, {""name"": ""South Dakota St Jackrabbits"", ""avg_price_decimal"": 1.3415376182818044, ""avg_implied_probability"": 0.7457540960649769, ""min_price_decimal"": 1.2906976744186047, ""max_price_decimal"": 1.3703703703703702, ""bookmaker_count"": 5}]"
1.0,9d835013911157e5366a4c87ac4b58ec,basketball_ncaab,True,,0.56,0.48,"[""111280806039598816296856092953516213711745105379602046616337597759034320653367"", ""64725722338161776498774312525523801403775795869630448726634193280024659143862""]",0.9996001599360256,0xe782b506107a554e4cffde5373db2bc1d36203478d46be0c723abe952b5ab943,,False,2025-12-09,True,2025-12-10T00:00:00Z,96462,2074.3263,0,0,0,0,67638,0,,,,2074.3263,False,True,False,2025-12-10T00:00:00Z,2025-12-10,809008,2074.3263,"[""0.52"", ""0.48""]","[""Bucknell Bison"", ""Rider Broncs""]",0,0,0,0,0,-0.03,,,,Bucknell Bison vs. Rider Broncs,,10470,ncaa-cbb,0.08,2025-12-10T00:00:00Z,1,"[{""name"": ""Bucknell Bison"", ""avg_price_decimal"": 1.847457627118644, ""avg_implied_probability"": 0.5412844036697247, ""min_price_decimal"": 1.847457627118644, ""max_price_decimal"": 1.847457627118644, ""bookmaker_count"": 1}, {""name"": ""Rider Broncs"", ""avg_price_decimal"": 1.9803921568627452, ""avg_implied_probability"": 0.504950495049505, ""min_price_decimal"": 1.9803921568627452, ""max_price_decimal"": 1.9803921568627452, ""bookmaker_count"": 1}]"
1.0,b60eab69bf17ae2d3a3ed264b113b83c,basketball_ncaab,True,,0.68,0.59,"[""46389272129820848231286616634108423441424580798908848044229264855320155647276"", ""113305937412598251780580991059360326517183841986674350226110191020190349893504""]",0.9833808634083981,0x7f6657a8755157f15762e515afe0bba9c537242eaa634d2a1b08ac3babe9774e,,False,2025-12-09,True,2025-12-10T00:00:00Z,96481,1969.7734,0,0,0,0,68959,0,,,,1978.2534,False,True,False,2025-12-10T00:00:00Z,2025-12-10,809026,1978.2534,"[""0.635"", ""0.365""]","[""Columbia Lions"", ""Stony Brook Seawolves""]",0,0,0,0,0,0.08,,,,Columbia Lions vs. Stony Brook Seawolves,,10470,ncaa-cbb,0.09,2025-12-10T00:00:00Z,5,"[{""name"": ""Columbia Lions"", ""avg_price_decimal"": 1.4714350515669472, ""avg_implied_probability"": 0.6797601408918171, ""min_price_decimal"": 1.4291845493562232, ""max_price_decimal"": 1.4878048780487805, ""bookmaker_count"": 5}, {""name"": ""Stony Brook Seawolves"", ""avg_price_decimal"": 2.6759999999999997, ""avg_implied_probability"": 0.3737721648169409, ""min_price_decimal"": 2.6, ""max_price_decimal"": 2.7, ""bookmaker_count"": 5}]"
0.9571428571428572,4c4c58541e96bc58e60ecf6a298294ab,basketball_ncaab,True,,0.95,0.04,"[""95905592034735303473341851724646481557705673354290310742342366862319616929764"", ""46730491037650010892943421686865481655293480190422770659853358727701492427308""]",0.08999775005624859,0x98134b1507ffc73fb6404e15bb3b63f5778d76ff75ddc51d3f710fd5a8ea3cf3,,False,2025-12-13,True,2025-12-13T19:00:00Z,99359,8.6897,0,0,0,0,146161,0,,,,8.6897,False,True,False,2025-12-13T19:00:00Z,2025-12-13,883181,8.6897,"[""0.495"", ""0.505""]","[""UNLV Runnin' Rebels"", ""Cincinnati Bearcats""]",0,0,0,0,0,-0.005,,,,UNLV Runnin' Rebels vs. Cincinnati Bearcats (W),,10471,cwbb,0.91,2025-12-13T19:00:00Z,0,[]
1.0,10afc633d6ca9f9b0c7682c25200fa3b,basketball_ncaab,True,,0.008,0.003,"[""14463599808986290027219522723085374010122945319272409632496047175195486686859"", ""1767298225644392402167459653200032030758824687169374234721495952887811237514""]",0.8035160254240507,0x930a6bb8147896e58080b30d687d64bfff60a3a1fee6424c0a6d16e240cff74d,,False,2025-12-09,True,2025-12-10T00:00:00Z,96508,39973.95911,1604.33355,1297.4613000000002,1297.4613000000002,1297.4613000000002,71966,0,,,0.02,39973.95911,False,True,False,2025-12-10T00:00:00Z,2025-12-10,809053,39973.95911,"[""0.0055"", ""0.9945""]","[""North Carolina Central Eagles"", ""Kentucky Wildcats""]",1297.4613000000002,1297.4613000000002,1297.4613000000002,1604.33355,1604.33355,-0.05,0.0005,,,North Carolina Central Eagles vs. Kentucky Wildcats,,10470,ncaa-cbb,0.005,2025-12-10T00:00:00Z,0,[]
0.9821428571428572,820b27b277361d42d40dc79d59b6e147,basketball_ncaab,True,,0.95,0.04,"[""95905592034735303473341851724646481557705673354290310742342366862319616929764"", ""46730491037650010892943421686865481655293480190422770659853358727701492427308""]",0.08999775005624859,0x98134b1507ffc73fb6404e15bb3b63f5778d76ff75ddc51d3f710fd5a8ea3cf3,,False,2025-12-13,True,2025-12-13T19:00:00Z,99359,8.6897,0,0,0,0,146161,0,,,,8.6897,False,True,False,2025-12-13T19:00:00Z,2025-12-13,883181,8.6897,"[""0.495"", ""0.505""]","[""UNLV Runnin' Rebels"", ""Cincinnati Bearcats""]",0,0,0,0,0,-0.005,,,,UNLV Runnin' Rebels vs. Cincinnati Bearcats (W),,10471,cwbb,0.91,2025-12-13T19:00:00Z,0,[]
0.7791666666666667,1f04709faa9feb16535f0016c61bb1a2,basketball_ncaab,True,,0.95,0.04,"[""95905592034735303473341851724646481557705673354290310742342366862319616929764"", ""46730491037650010892943421686865481655293480190422770659853358727701492427308""]",0.08999775005624859,0x98134b1507ffc73fb6404e15bb3b63f5778d76ff75ddc51d3f710fd5a8ea3cf3,,False,2025-12-13,True,2025-12-13T19:00:00Z,99359,8.6897,0,0,0,0,146161,0,,,,8.6897,False,True,False,2025-12-13T19:00:00Z,2025-12-13,883181,8.6897,"[""0.495"", ""0.505""]","[""UNLV Runnin' Rebels"", ""Cincinnati Bearcats""]",0,0,0,0,0,-0.005,,,,UNLV Runnin' Rebels vs. Cincinnati Bearcats (W),,10471,cwbb,0.91,2025-12-13T19:00:00Z,1,"[{""name"": ""McNeese Cowboys"", ""avg_price_decimal"": 1.7692307692307692, ""avg_implied_probability"": 0.5652173913043478, ""min_price_decimal"": 1.7692307692307692, ""max_price_decimal"": 1.7692307692307692, ""bookmaker_count"": 1}, {""name"": ""Rhode Island Rams"", ""avg_price_decimal"": 2.1, ""avg_implied_probability"": 0.47619047619047616, ""min_price_decimal"": 2.1, ""max_price_decimal"": 2.1, ""bookmaker_count"": 1}]"
1.0,975de06d9e2eb0b6d491f9482cbd9a74,basketball_ncaab,True,,0.09,0.06,"[""14994161176888934764909037455445167570241412484762321898280604981200722158459"", ""91507066915905872865090160207832955303708360697248325046888607424695197329463""]",0.8470089994706194,0x5813b33808d59c26587a9892a46fb33a4c2f4790cbb84811ef13208cffb6d143,,False,2025-12-09,True,2025-12-10T00:30:00Z,96479,4224.5869,237,0,0,0,68958,0,,,,4224.5869,False,True,False,2025-12-10T00:30:00Z,2025-12-10,809024,4224.5869,"[""0.075"", ""0.925""]","[""Brown Bears"", ""Providence Friars""]",0,0,0,237,237,-0.29,,,,Brown Bears vs. Providence Friars,,10470,ncaa-cbb,0.03,2025-12-10T00:30:00Z,5,"[{""name"": ""Brown Bears"", ""avg_price_decimal"": 12.592, ""avg_implied_probability"": 0.07985697549925863, ""min_price_decimal"": 11.0, ""max_price_decimal"": 13.8, ""bookmaker_count"": 5}, {""name"": ""Providence Friars"", ""avg_price_decimal"": 1.0289142857142857, ""avg_implied_probability"": 0.9721007236491108, ""min_price_decimal"": 1.001, ""max_price_decimal"": 1.0416666666666667, ""bookmaker_count"": 5}]"
1.0,fd3661b586f29eb7d205d1162760597f,basketball_ncaab,True,,0.63,0.61,"[""84668650169208528226480211457346590757390905905342471238774448161331350987178"", ""25926948284923518819802842029197033959985616141995541280546650540649555450716""]",0.9999000099990001,0x8de47c620e10b2047bcc35d7d7ab155633a52abb47ce2d8a2fcc8751fd4f997a,,False,2025-12-09,True,2025-12-10T00:30:00Z,96502,17700.3233,751.571146,200.135811,200.135811,200.135811,70672,0,,,0.61,15430.9647,False,True,False,2025-12-10T00:30:00Z,2025-12-10,809047,15430.9647,"[""0.62"", ""0.38""]","[""Illinois Fighting Illini"", ""Ohio State Buckeyes""]",200.135811,200.135811,200.135811,532.532686,532.532686,0.06,,,,Illinois Fighting Illini vs. Ohio State Buckeyes,,10470,ncaa-cbb,0.02,2025-12-10T00:30:00Z,5,"[{""name"": ""Illinois Fighting Illini"", ""avg_price_decimal"": 1.5794493584041607, ""avg_implied_probability"": 0.6334414547372516, ""min_price_decimal"": 1.5405405405405406, ""max_price_decimal"": 1.625, ""bookmaker_count"": 5}, {""name"": ""Ohio State Buckeyes"", ""avg_price_decimal"": 2.418, ""avg_implied_probability"": 0.413885759135966, ""min_price_decimal"": 2.35, ""max_price_decimal"": 2.5, ""bookmaker_count"": 5}]"
0.9545454545454546,6f47f40fa9a022f334f70ab64b5be34b,basketball_ncaab,True,,0.95,0.04,"[""95905592034735303473341851724646481557705673354290310742342366862319616929764"", ""46730491037650010892943421686865481655293480190422770659853358727701492427308""]",0.08999775005624859,0x98134b1507ffc73fb6404e15bb3b63f5778d76ff75ddc51d3f710fd5a8ea3cf3,,False,2025-12-13,True,2025-12-13T19:00:00Z,99359,8.6897,0,0,0,0,146161,0,,,,8.6897,False,True,False,2025-12-13T19:00:00Z,2025-12-13,883181,8.6897,"[""0.495"", ""0.505""]","[""UNLV Runnin' Rebels"", ""Cincinnati Bearcats""]",0,0,0,0,0,-0.005,,,,UNLV Runnin' Rebels vs. Cincinnati Bearcats (W),,10471,cwbb,0.91,2025-12-13T19:00:00Z,0,[]
1.0,5253ba8daf63a41b8e24bed21507607e,basketball_ncaab,True,,0.13,0.09,"[""44336335702884836373047922775808685664066809663742259678505365821835020920208"", ""62925595400982687001047811585526822593250634319507159031617340075619441933035""]",0.8679802100512108,0xa315fe68b472ffbacdeac4546c60e87923b0bb2ec0432b4ba4a45dc2f9a7767d,,False,2025-12-09,True,2025-12-10T01:30:00Z,96503,6513.8155,211,0,0,0,70673,0,,,,6513.8155,False,True,False,2025-12-10T01:30:00Z,2025-12-10,809048,6513.8155,"[""0.11"", ""0.89""]","[""Penn State Nittany Lions"", ""Indiana Hoosiers""]",0,0,0,211,211,-0.11,,,,Penn State Nittany Lions vs. Indiana Hoosiers,,10470,ncaa-cbb,0.04,2025-12-10T01:30:00Z,5,"[{""name"": ""Indiana Hoosiers"", ""avg_price_decimal"": 1.0486259259259259, ""avg_implied_probability"": 0.9541922651562877, ""min_price_decimal"": 1.001, ""max_price_decimal"": 1.074074074074074, ""bookmaker_count"": 5}, {""name"": ""Penn State Nittany Lions"", ""avg_price_decimal"": 9.544, ""avg_implied_probability"": 0.10506069094304389, ""min_price_decimal"": 9.0, ""max_price_decimal"": 10.2, ""bookmaker_count"": 5}]"
1.0,812e71614fcfb10e95756f03b102235d,basketball_ncaab,True,,0.18,0.11,"[""95534998018324982405613511538611356231187914035023465320046188203849536551266"", ""29651542363491285185160537121223193481358938886691734049625943092669591740831""]",0.8880797495615106,0xfdaa71e74265092c2397dad798e61fccf6a4ad69f54a049fad9a98a3bef691bd,,False,2025-12-09,True,2025-12-10T01:30:00Z,96465,5866.3443,0,0,0,0,67842,0,,,,3692.0443,False,True,False,2025-12-10T01:30:00Z,2025-12-10,809010,3692.0443,"[""0.145"", ""0.855""]","[""South Dakota Coyotes"", ""Wyoming Cowboys""]",0,0,0,0,0,-0.22,0.015,,,South Dakota Coyotes vs. Wyoming Cowboys,,10470,ncaa-cbb,0.07,2025-12-10T01:30:00Z,5,"[{""name"": ""South Dakota Coyotes"", ""avg_price_decimal"": 7.566, ""avg_implied_probability"": 0.13250732559750236, ""min_price_decimal"": 7.0, ""max_price_decimal"": 8.2, ""bookmaker_count"": 5}, {""name"": ""Wyoming Cowboys"", ""avg_price_decimal"": 1.0748038863976084, ""avg_implied_probability"": 0.9315910427021539, ""min_price_decimal"": 1.001, ""max_price_decimal"": 1.1, ""bookmaker_count"": 5}]"
0.9666666666666666,32660ef473188936256012d6bdedc986,basketball_ncaab,True,,0.95,0.04,"[""95905592034735303473341851724646481557705673354290310742342366862319616929764"", ""46730491037650010892943421686865481655293480190422770659853358727701492427308""]",0.08999775005624859,0x98134b1507ffc73fb6404e15bb3b63f5778d76ff75ddc51d3f710fd5a8ea3cf3,,False,2025-12-13,True,2025-12-13T19:00:00Z,99359,8.6897,0,0,0,0,146161,0,,,,8.6897,False,True,False,2025-12-13T19:00:00Z,2025-12-13,883181,8.6897,"[""0.495"", ""0.505""]","[""UNLV Runnin' Rebels"", ""Cincinnati Bearcats""]",0,0,0,0,0,-0.005,,,,UNLV Runnin' Rebels vs. Cincinnati Bearcats (W),,10471,cwbb,0.91,2025-12-13T19:00:00Z,5,"[{""name"": ""Arizona St Sun Devils"", ""avg_price_decimal"": 1.0291970014992502, ""avg_implied_probability"": 0.9718338629019007, ""min_price_decimal"": 1.001, ""max_price_decimal"": 1.0416666666666667, ""bookmaker_count"": 5}, {""name"": ""Northern Arizona Lumberjacks"", ""avg_price_decimal"": 12.602, ""avg_implied_probability"": 0.07963105078446372, ""min_price_decimal"": 11.5, ""max_price_decimal"": 13.51, ""bookmaker_count"": 5}]"
0.9571428571428572,4ba61a247b53619a3306174009c4345c,basketball_ncaab,True,,0.95,0.04,"[""95905592034735303473341851724646481557705673354290310742342366862319616929764"", ""46730491037650010892943421686865481655293480190422770659853358727701492427308""]",0.08999775005624859,0x98134b1507ffc73fb6404e15bb3b63f5778d76ff75ddc51d3f710fd5a8ea3cf3,,False,2025-12-13,True,2025-12-13T19:00:00Z,99359,8.6897,0,0,0,0,146161,0,,,,8.6897,False,True,False,2025-12-13T19:00:00Z,2025-12-13,883181,8.6897,"[""0.495"", ""0.505""]","[""UNLV Runnin' Rebels"", ""Cincinnati Bearcats""]",0,0,0,0,0,-0.005,,,,UNLV Runnin' Rebels vs. Cincinnati Bearcats (W),,10471,cwbb,0.91,2025-12-13T19:00:00Z,5,"[{""name"": ""Colorado St Rams"", ""avg_price_decimal"": 1.0208666666666666, ""avg_implied_probability"": 0.9796737867771611, ""min_price_decimal"": 1.001, ""max_price_decimal"": 1.0333333333333334, ""bookmaker_count"": 5}, {""name"": ""Dartmouth Big Green"", ""avg_price_decimal"": 15.074000000000002, ""avg_implied_probability"": 0.06706653053672959, ""min_price_decimal"": 13.0, ""max_price_decimal"": 17.0, ""bookmaker_count"": 5}]"
0.74375,fd82a8f8189ef33c58fd54c342c46722,basketball_ncaab,True,,0.95,0.04,"[""95905592034735303473341851724646481557705673354290310742342366862319616929764"", ""46730491037650010892943421686865481655293480190422770659853358727701492427308""]",0.08999775005624859,0x98134b1507ffc73fb6404e15bb3b63f5778d76ff75ddc51d3f710fd5a8ea3cf3,,False,2025-12-13,True,2025-12-13T19:00:00Z,99359,8.6897,0,0,0,0,146161,0,,,,8.6897,False,True,False,2025-12-13T19:00:00Z,2025-12-13,883181,8.6897,"[""0.495"", ""0.505""]","[""UNLV Runnin' Rebels"", ""Cincinnati Bearcats""]",0,0,0,0,0,-0.005,,,,UNLV Runnin' Rebels vs. Cincinnati Bearcats (W),,10471,cwbb,0.91,2025-12-13T19:00:00Z,5,"[{""name"": ""Florida Gators"", ""avg_price_decimal"": 2.7560000000000002, ""avg_implied_probability"": 0.363095238095238, ""min_price_decimal"": 2.7, ""max_price_decimal"": 2.88, ""bookmaker_count"": 5}, {""name"": ""UConn Huskies"", ""avg_price_decimal"": 1.4476958648750802, ""avg_implied_probability"": 0.6911083545353824, ""min_price_decimal"": 1.3952569169960474, ""max_price_decimal"": 1.4878048780487805, ""bookmaker_count"": 5}]"
1.0,2e19ce07df19b64cbd183836e2f242d2,basketball_ncaab,True,,0.95,0.91,"[""15525169736955694154625018196031081698501413264370263893760001937515336979364"", ""30985507480832581235430132752146324315199174524952877526814085243232857456465""]",0.8439530762089628,0x7c8a65d5fee6a2b700f8f84c037a17d6d5669f1962cd4838f3bc98b45c616c60,,False,2025-12-09,True,2025-12-10T02:00:00Z,96500,1672.3914,916,30,30,30,70406,0,,,0.92,1672.3914,False,True,False,2025-12-10T02:00:00Z,2025-12-10,809045,1672.3914,"[""0.93"", ""0.07""]","[""USC Trojans"", ""San Diego Toreros""]",30,30,30,916,916,0.115,-0.005,,,USC Trojans vs. San Diego Toreros,,10470,ncaa-cbb,0.04,2025-12-10T02:00:00Z,5,"[{""name"": ""San Diego Toreros"", ""avg_price_decimal"": 11.309999999999999, ""avg_implied_probability"": 0.08897846275439636, ""min_price_decimal"": 10.0, ""max_price_decimal"": 12.05, ""bookmaker_count"": 5}, {""name"": ""USC Trojans"", ""avg_price_decimal"": 1.0382238095238094, ""avg_implied_probability"": 0.9635599694423224, ""min_price_decimal"": 1.001, ""max_price_decimal"": 1.0625, ""bookmaker_count"": 5}]"
0.7063244469653999,e72c39e476e9645c8a6cb5c24f97f134,basketball_ncaab,True,,0.95,0.04,"[""95905592034735303473341851724646481557705673354290310742342366862319616929764"", ""46730491037650010892943421686865481655293480190422770659853358727701492427308""]",0.08999775005624859,0x98134b1507ffc73fb6404e15bb3b63f5778d76ff75ddc51d3f710fd5a8ea3cf3,,False,2025-12-13,True,2025-12-13T19:00:00Z,99359,8.6897,0,0,0,0,146161,0,,,,8.6897,False,True,False,2025-12-13T19:00:00Z,2025-12-13,883181,8.6897,"[""0.495"", ""0.505""]","[""UNLV Runnin' Rebels"", ""Cincinnati Bearcats""]",0,0,0,0,0,-0.005,,,,UNLV Runnin' Rebels vs. Cincinnati Bearcats (W),,10471,cwbb,0.91,2025-12-13T19:00:00Z,5,"[{""name"": ""Long Beach St 49ers"", ""avg_price_decimal"": 3.7399999999999998, ""avg_implied_probability"": 0.267579513332938, ""min_price_decimal"": 3.6, ""max_price_decimal"": 3.85, ""bookmaker_count"": 5}, {""name"": ""San Jos\u00e9 St Spartans"", ""avg_price_decimal"": 1.230059552134716, ""avg_implied_probability"": 0.8213085424883317, ""min_price_decimal"": 1.001, ""max_price_decimal"": 1.3076923076923077, ""bookmaker_count"": 5}]"
